Node,Type,Degree,Degree Centrality,Eigenvector Centrality
ePBb7,follower,60,0.06872852233676977,0.13637952576158838
DOW8X,artist,50,0.057273768613974804,0.11622388877706304
aN4pa,artist,50,0.057273768613974804,0.10193016232228691
nZ5Ee,artist,50,0.057273768613974804,0.10922488894826836
XBpbJ,artist,50,0.057273768613974804,0.11401326822022556
nZqdE,artist,50,0.057273768613974804,0.10910449069263731
D84mJ,artist,50,0.057273768613974804,0.1171242690547331
4W2ay,artist,50,0.057273768613974804,0.10373657468189008
LR9zj,artist,18,0.020618556701030927,0.013954724991636433
MaVZo,artist,50,0.057273768613974804,0.11930048174199917
LwoJ1,artist,50,0.057273768613974804,0.09925057965347792
9RRV2,artist,50,0.057273768613974804,0.10051115945342744
46aydj,artist,6,0.006872852233676976,0.004391069510863022
P5kARM5,artist,9,0.010309278350515464,0.007030134012963884
6aBoG,artist,50,0.057273768613974804,0.045875545375134046
J5716,artist,50,0.057273768613974804,0.05129602146673324
nVVky,artist,50,0.057273768613974804,0.05786438570415269
3kX8Kq,artist,11,0.012600229095074456,0.007087821363227917
ngXdW,artist,50,0.057273768613974804,0.06385709726608728
emO2Q,artist,50,0.057273768613974804,0.11649329875829245
myAkQ,artist,50,0.057273768613974804,0.053256760563515124
eAE0q,follower,50,0.057273768613974804,0.0719857627706943
n1PYe,artist,50,0.057273768613974804,0.11741449964988486
ebpjK,artist,50,0.057273768613974804,0.10882400007857289
D8v5P,follower,53,0.06071019473081329,0.114195228644984
ePxqm,artist,50,0.057273768613974804,0.09734342978527571
Vgykdmy,follower,53,0.06071019473081329,0.029522774662626556
KEWjl,artist,50,0.057273768613974804,0.0638136068983222
9Bdk0,artist,22,0.025200458190148912,0.012805646832937223
lebQD,follower,51,0.058419243986254296,0.09543390400191296
ZZ1d9Gg,artist,5,0.00572737686139748,0.004269335509867245
0EoAm,follower,54,0.061855670103092786,0.08046831150628411
D97oa,artist,50,0.057273768613974804,0.11381307812109713
qm4Ya,follower,51,0.058419243986254296,0.05793155963414384
LMmxL,artist,29,0.033218785796105384,0.03702200770433593
Q4Gm3,artist,50,0.057273768613974804,0.09658777760580758
D2Ko2,artist,50,0.057273768613974804,0.10934158870014833
64EP443,artist,10,0.01145475372279496,0.007009990180437722
51dNY,artist,34,0.038946162657502864,0.028801425809947215
D88rJ,artist,50,0.057273768613974804,0.11569426605928357
BJoK9,artist,50,0.057273768613974804,0.09958964433396064
WgXP4zZ,artist,50,0.057273768613974804,0.033955839396979805
WgR5dAk,artist,50,0.057273768613974804,0.03641628440947049
ap4XQPE,artist,8,0.009163802978235968,0.0070392346192702645
4brVvZa,artist,9,0.010309278350515464,0.004468976188421076
eYX6W,artist,50,0.057273768613974804,0.11813094241472945
D9NZ2,artist,50,0.057273768613974804,0.04915506851749744
y7zWZ,artist,50,0.057273768613974804,0.08770796278709753
eJ5N6,artist,50,0.057273768613974804,0.11128017079972785
KVKEOVo,follower,52,0.059564719358533795,0.04943970157708261
DNzo4,artist,50,0.057273768613974804,0.10046274535338658
lz5rK,artist,50,0.057273768613974804,0.1049234385997299
nlJpN,artist,50,0.057273768613974804,0.10919377696297923
YYWQX3q,artist,7,0.008018327605956473,0.006840201774578009
dqWJP,artist,35,0.04009163802978236,0.01628944186300829
eAby7,artist,50,0.057273768613974804,0.06316088642674418
8qR5J,follower,56,0.06414662084765178,0.07602519833007075
NY7OB98,artist,5,0.00572737686139748,0.006773509161194741
DN707,artist,50,0.057273768613974804,0.11541428641669668
80g7XWW,artist,24,0.027491408934707903,0.009303722725971153
ePgYk,artist,50,0.057273768613974804,0.10686089232774827
D7jgy,artist,23,0.026345933562428408,0.020335438319386882
4oy7E,artist,50,0.057273768613974804,0.059503833174480346
5QBqX,artist,50,0.057273768613974804,0.022866462856934167
2nZEe,artist,50,0.057273768613974804,0.10053565695660273
ngyWD,artist,50,0.057273768613974804,0.12077366116870629
eY3Nv,artist,26,0.029782359679266898,0.022450171502625262
NaN08,artist,50,0.057273768613974804,0.020044963271139207
Lw7gr,artist,50,0.057273768613974804,0.08372384926970666
ngwPp,follower,52,0.059564719358533795,0.11634118713054371
AaPXq,artist,50,0.057273768613974804,0.044303684790339824
92pPakO,follower,50,0.057273768613974804,0.046506241991123805
2p2jp,artist,50,0.057273768613974804,0.048733945343620876
JE8Q7,artist,50,0.057273768613974804,0.0681906821189161
l1RMK,follower,52,0.059564719358533795,0.0519377079659945
V4RQxQa,artist,50,0.057273768613974804,0.03288000832177489
q7brzrB,artist,20,0.02290950744558992,0.006539670353033473
L5QyM,artist,50,0.057273768613974804,0.11391127766030522
LWOlL,artist,50,0.057273768613974804,0.10648523511803415
Ov1bYov,artist,27,0.030927835051546393,0.004529651229230781
RGvVzgw,artist,23,0.026345933562428408,0.014948582137106974
l4PQQQ,artist,13,0.014891179839633449,0.004731465883676039
PWY7x2X,follower,54,0.061855670103092786,0.05458632326376117
eJ57D,follower,73,0.08361970217640322,0.14171748869015338
LKwjz,follower,57,0.06529209621993128,0.14728566822209532
DvwQK,follower,52,0.059564719358533795,0.1361124698763039
Wem1e,follower,38,0.04352806414662085,0.08652411445170867
qEBZP,follower,14,0.016036655211912946,0.04504225522782118
nogRn,follower,13,0.014891179839633449,0.04189121448846188
Og1gz,follower,14,0.016036655211912946,0.04257250909072791
nk3pn,follower,65,0.07445589919816724,0.15205140684297447
lzwQ6,follower,18,0.020618556701030927,0.05761004287025675
LwvJr,follower,59,0.06758304696449027,0.14734257642008095
w7zEZ,follower,31,0.035509736540664374,0.09645275201327667
aA9vz,follower,41,0.046964490263459335,0.12112940027909339
LKg0z,follower,4,0.004581901489117984,0.013480318822172672
OgzM4,follower,14,0.016036655211912946,0.04585252171430549
39rjJ,follower,6,0.006872852233676976,0.0168068076893114
ePqjN,follower,37,0.042382588774341354,0.111832854532224
D7437,follower,37,0.042382588774341354,0.11112729219956997
7eP5n,follower,33,0.03780068728522337,0.07603998175730092
DEy6R,follower,32,0.03665521191294387,0.09918554216849425
nkAND,follower,40,0.04581901489117984,0.11460180054669068
QbmPv,follower,34,0.038946162657502864,0.10648049351438174
LWk1l,follower,45,0.051546391752577324,0.12556289569627763
Dv0Y8,follower,12,0.013745704467353952,0.038800607028531955
eA8qD,follower,6,0.006872852233676976,0.01857681258017345
NzaBw,follower,2,0.002290950744558992,0.005711165064861725
4A8Ja,follower,40,0.04581901489117984,0.11959599499854258
LjX4Z,follower,23,0.026345933562428408,0.07389344385733461
4AmGy,follower,43,0.04925544100801833,0.1248643885897482
eP795,follower,26,0.029782359679266898,0.07110818711880734
7lN8g,follower,32,0.03665521191294387,0.09207093625918787
DNK1w,follower,29,0.033218785796105384,0.09318020928915453
nqzdo,follower,22,0.025200458190148912,0.06967552636929396
nVVEr,follower,20,0.02290950744558992,0.066076554450612
Qx36v,follower,41,0.046964490263459335,0.11897225455026667
DOmwz,follower,23,0.026345933562428408,0.0750459193729814
VPmpa,follower,24,0.027491408934707903,0.05926617685471386
DEKpo,follower,7,0.008018327605956473,0.013784907957516352
g493y2p,follower,18,0.020618556701030927,0.04520356688263364
eYAdW,follower,36,0.041237113402061855,0.10589615309444894
PW9qN,follower,3,0.003436426116838488,0.007595256173358027
n0m9m,follower,29,0.033218785796105384,0.08664108821037382
JEd6Y,follower,36,0.041237113402061855,0.10803082791614328
2d8GZ,follower,35,0.04009163802978236,0.10449523158637516
YZyXK,follower,5,0.00572737686139748,0.017035291500559664
eJrz0,follower,6,0.006872852233676976,0.01769883847039833
nlkQe,follower,22,0.025200458190148912,0.07089183336550497
DyNPe,follower,29,0.033218785796105384,0.08261525457353572
DO1l4,follower,17,0.019473081328751432,0.05697640634799342
g6rJx,follower,24,0.027491408934707903,0.07770554668089735
aAkGz,follower,22,0.025200458190148912,0.0707848916844298
ng7Mp,follower,14,0.016036655211912946,0.044833012563871386
DyZre,follower,9,0.010309278350515464,0.02692428678355825
v70Ym,follower,20,0.02290950744558992,0.05503473082084121
k4kXK,follower,8,0.009163802978235968,0.025999552276759853
la0bQ,follower,22,0.025200458190148912,0.05187962338514555
ZO89E,follower,42,0.048109965635738834,0.09618889333957083
emxNp,follower,20,0.02290950744558992,0.0644817915738883
xdxY3,follower,15,0.01718213058419244,0.044665679903648156
JZvm7,follower,19,0.021764032073310426,0.058997738063627556
k4zQV,follower,12,0.013745704467353952,0.0386829503191576
noMV5,follower,12,0.013745704467353952,0.03683203152305853
PWQER,follower,17,0.019473081328751432,0.049961637874304056
JZ5m2,follower,17,0.019473081328751432,0.04940464304871674
qEbN2,follower,13,0.014891179839633449,0.04066793825524688
PWYXk,follower,23,0.026345933562428408,0.06513790363899681
KKjJl,follower,12,0.013745704467353952,0.035994464395334796
MaBlQ,follower,17,0.019473081328751432,0.04283536719144442
n05l2,follower,13,0.014891179839633449,0.036471115322288854
Dya1P,follower,6,0.006872852233676976,0.013297855823557839
Nz7aQ,follower,11,0.012600229095074456,0.03593865560164251
51NP2,follower,24,0.027491408934707903,0.06781275043402182
91GVk,follower,7,0.008018327605956473,0.021868626890895495
bQ3Kk,follower,34,0.038946162657502864,0.07385198448517334
WQ2Kj,follower,9,0.010309278350515464,0.02892854712988462
n14by,follower,12,0.013745704467353952,0.03457766981668997
na33g,follower,11,0.012600229095074456,0.03330708190526461
OW22v,follower,11,0.012600229095074456,0.031580917068180135
KKzM9,follower,5,0.00572737686139748,0.015075576140132246
8zJga,follower,7,0.008018327605956473,0.021249363725442064
79wj9,follower,7,0.008018327605956473,0.01811406134342355
eboBP,follower,5,0.00572737686139748,0.01500324726089956
d007M,follower,6,0.006872852233676976,0.012147210923025342
d0Q4K,follower,6,0.006872852233676976,0.017576100905616846
y7KPx,follower,14,0.016036655211912946,0.02973028581133454
NY4k4,follower,13,0.014891179839633449,0.030453626289842883
n1OXD,follower,4,0.004581901489117984,0.011042870632649759
n318D,follower,7,0.008018327605956473,0.020148748944525764
n0M1m,follower,10,0.01145475372279496,0.03147230521659041
eAxgm,follower,2,0.002290950744558992,0.006209179152153215
nd6JD,follower,4,0.004581901489117984,0.012119831019133205
BDNxn,follower,5,0.00572737686139748,0.014783710561399762
eANqn,follower,11,0.012600229095074456,0.03510702924183079
eGEQw,follower,2,0.002290950744558992,0.005967101590931519
eGVKw,follower,16,0.018327605956471937,0.0508194357194567
LwP92,follower,5,0.00572737686139748,0.016076537905091275
LKkZl,follower,11,0.012600229095074456,0.0339534836261461
KE95r,follower,3,0.003436426116838488,0.009480326488660484
DX2vJ,follower,4,0.004581901489117984,0.012163653634972902
nZkpa,follower,5,0.00572737686139748,0.016601192669915395
n0bAK,follower,7,0.008018327605956473,0.02123834892627001
emyw1,follower,8,0.009163802978235968,0.02022123761117593
AxaRK,follower,5,0.00572737686139748,0.01623085163452217
Lx06z,follower,12,0.013745704467353952,0.03188674266870648
n0AML,follower,2,0.002290950744558992,0.006653714628620621
LKEQy,follower,9,0.010309278350515464,0.02066674732920729
eYpRp,follower,16,0.018327605956471937,0.05126934715915458
eGEam,follower,6,0.006872852233676976,0.018210869968549072
eA2kn,follower,3,0.003436426116838488,0.009587476997104128
Lj0ae,follower,2,0.002290950744558992,0.0054656613333627984
eY9me,follower,17,0.019473081328751432,0.04155159891181072
noyXv,follower,5,0.00572737686139748,0.011735510360179353
ML51L,follower,9,0.010309278350515464,0.023148182534631006
nVjaQ,follower,1,0.001145475372279496,0.003024577301777652
vZoyO,follower,2,0.002290950744558992,0.004086332587190105
jNxyG,follower,1,0.001145475372279496,0.003024577301777652
nVPoQ,follower,2,0.002290950744558992,0.0014862959043780996
y863P,follower,17,0.019473081328751432,0.027162588797323063
LKEjO,follower,4,0.004581901489117984,0.00462763544972026
eYbyp,follower,2,0.002290950744558992,0.0017444323715588726
MWKR9,follower,7,0.008018327605956473,0.00669503417627804
ndR4v,follower,1,0.001145475372279496,0.00040686847065488427
4ARWozj,follower,1,0.001145475372279496,0.00040686847065488427
VvJWB,follower,1,0.001145475372279496,0.00040686847065488427
3AZXZ,follower,1,0.001145475372279496,0.00040686847065488427
aymJEw,follower,2,0.002290950744558992,0.0005389364427871034
BqO12rp,follower,1,0.001145475372279496,0.00040686847065488427
2lqQk60,follower,4,0.004581901489117984,0.0018818810599047597
WxBEo8v,follower,2,0.002290950744558992,0.0006112540865289376
jZOMZOZ,follower,2,0.002290950744558992,0.0006063036896233048
gY0Mr4v,follower,7,0.008018327605956473,0.0014057999426894717
eYoZ7,follower,3,0.003436426116838488,0.010052397229725982
dEJMJ,follower,2,0.002290950744558992,0.006807870683511341
5QdZM,follower,14,0.016036655211912946,0.04201592478704457
DBXOQ,follower,7,0.008018327605956473,0.020256550119097442
DXrvZ,follower,3,0.003436426116838488,0.008938593384508604
DN0qN,follower,2,0.002290950744558992,0.006009464541693162
ZOkaq,follower,5,0.00572737686139748,0.012273117662120376
ndwYP,follower,2,0.002290950744558992,0.005822916827425144
4j29j,follower,7,0.008018327605956473,0.01707301084883696
D9kgj,follower,28,0.03207331042382589,0.04795566015976805
nddY2,follower,18,0.020618556701030927,0.035910453877531404
GYOAv,follower,4,0.004581901489117984,0.010794036709795134
Ma03Z,follower,3,0.003436426116838488,0.007485315744816169
PQqjm,follower,5,0.00572737686139748,0.012796285158273274
LRBZ1,follower,1,0.001145475372279496,0.002930522896101618
laMKK,follower,5,0.00572737686139748,0.009357151226286314
eYOJ7,follower,7,0.008018327605956473,0.015461483729980722
apN7g,follower,3,0.003436426116838488,0.005854118435221343
e4ro4,follower,8,0.009163802978235968,0.016145377032281513
E2J9R,follower,6,0.006872852233676976,0.01308450078845706
D75ar,follower,20,0.02290950744558992,0.03446052589543073
nl5Vb,follower,1,0.001145475372279496,0.002930522896101618
aA0Or,follower,5,0.00572737686139748,0.009256286770416643
DOJvL,follower,7,0.008018327605956473,0.003805998379342968
GE4Yx,follower,1,0.001145475372279496,0.00012802744485015686
KbE0BVl,follower,11,0.012600229095074456,0.003437409410622802
NzvJWZY,follower,1,0.001145475372279496,0.00012802744485015686
D2Mq1,follower,1,0.001145475372279496,0.00020497290614980478
D2V8d,follower,1,0.001145475372279496,0.00020497290614980478
x2NxZBj,follower,9,0.010309278350515464,0.0035044796546330266
50qoa6,follower,2,0.002290950744558992,0.000342925067057186
mg57r,follower,1,0.001145475372279496,0.0013375639009039883
Mwvkx,follower,13,0.014891179839633449,0.02175847080394493
KbkgO,follower,1,0.001145475372279496,0.0013375639009039883
RNG0w,follower,1,0.001145475372279496,0.0013375639009039883
6ag7G,follower,2,0.002290950744558992,0.0027707467041756875
byOqP,follower,7,0.008018327605956473,0.010353559594197106
KKgEw,follower,4,0.004581901489117984,0.005869178807283349
R94rR,follower,1,0.001145475372279496,0.0013375639009039883
LK352,follower,1,0.001145475372279496,0.0013375639009039883
ogmj5,follower,2,0.002290950744558992,0.002177295651457259
RNOmg,follower,1,0.001145475372279496,0.0013375639009039883
nl1Nw,follower,2,0.002290950744558992,0.003072471105430003
noY7g,follower,1,0.001145475372279496,0.0013375639009039883
RYd4R,follower,4,0.004581901489117984,0.006004126969653876
eYZdW,follower,1,0.001145475372279496,0.0013375639009039883
Nkkaw,follower,3,0.003436426116838488,0.0038644104343805554
LRKrR,follower,1,0.001145475372279496,0.0013375639009039883
DryjG,follower,1,0.001145475372279496,0.0013375639009039883
XlQap,follower,1,0.001145475372279496,0.0013375639009039883
emxbp,follower,1,0.001145475372279496,0.0013375639009039883
nljE6,follower,1,0.001145475372279496,0.0013375639009039883
QbYK1,follower,1,0.001145475372279496,0.0013375639009039883
YZW6p,follower,1,0.001145475372279496,0.0013375639009039883
eYPZm,follower,1,0.001145475372279496,0.0013375639009039883
Qb6rB,follower,1,0.001145475372279496,0.0013375639009039883
6aQk3,follower,1,0.001145475372279496,0.0013375639009039883
eAy7R,follower,2,0.002290950744558992,0.002929036990214075
naVwL,follower,6,0.006872852233676976,0.006213700510542378
nVgJa,follower,1,0.001145475372279496,0.0013375639009039883
87x2Wvv,follower,2,0.002290950744558992,0.002296215288312189
b9EwX,follower,1,0.001145475372279496,0.0013375639009039883
xk6px,follower,1,0.001145475372279496,0.0013375639009039883
nqE9E,follower,9,0.010309278350515464,0.014929060480125055
r4wO8,follower,1,0.001145475372279496,0.0014956062928801932
lzz0G,follower,3,0.003436426116838488,0.005170898458206909
k4qZp,follower,1,0.001145475372279496,0.0014956062928801932
lvVYQ,follower,1,0.001145475372279496,0.0014956062928801932
8z6JJ,follower,1,0.001145475372279496,0.0014956062928801932
79dBv,follower,5,0.00572737686139748,0.006986544373595457
oGo32,follower,1,0.001145475372279496,0.0014956062928801932
Q4r6w,follower,1,0.001145475372279496,0.0014956062928801932
1ABbX,follower,1,0.001145475372279496,0.0014956062928801932
y24yx,follower,1,0.001145475372279496,0.0014956062928801932
vGo3R,follower,1,0.001145475372279496,0.0014956062928801932
W0Nxo,follower,1,0.001145475372279496,0.0014956062928801932
rXj8V,follower,5,0.00572737686139748,0.005891481249356643
BqXb9,follower,1,0.001145475372279496,0.0014956062928801932
emm2e,follower,1,0.001145475372279496,0.0014956062928801932
eYpJq,follower,1,0.001145475372279496,0.0014956062928801932
aNkBo,follower,1,0.001145475372279496,0.0014956062928801932
m7wZw,follower,1,0.001145475372279496,0.0014956062928801932
rbkvz,follower,1,0.001145475372279496,0.0014956062928801932
ebObk,follower,1,0.001145475372279496,0.0014956062928801932
eY52y,follower,1,0.001145475372279496,0.0014956062928801932
og475,follower,1,0.001145475372279496,0.0014956062928801932
lzyQw,follower,1,0.001145475372279496,0.0014956062928801932
YJYgpQW,follower,4,0.004581901489117984,0.00376892696393121
mApAm1,follower,3,0.003436426116838488,0.0029291952133779393
k42Vw,follower,1,0.001145475372279496,0.0014956062928801932
OW828rV,follower,7,0.008018327605956473,0.00437871327595348
DXlRa,follower,7,0.008018327605956473,0.020024495650909604
k2aoN,follower,12,0.013745704467353952,0.023000834323813713
XO68O,follower,2,0.002290950744558992,0.0036752921653267156
ndp6m,follower,3,0.003436426116838488,0.00484292291050293
k4yWB,follower,1,0.001145475372279496,0.0016871147829232958
oE0m2,follower,1,0.001145475372279496,0.0016871147829232958
eAJpg,follower,2,0.002290950744558992,0.003785926384500509
r45X9,follower,1,0.001145475372279496,0.0016871147829232958
rb809,follower,1,0.001145475372279496,0.0016871147829232958
DNbgY,follower,1,0.001145475372279496,0.0016871147829232958
D7KX9,follower,1,0.001145475372279496,0.0016871147829232958
eJWMo,follower,1,0.001145475372279496,0.0016871147829232958
og2VJ,follower,1,0.001145475372279496,0.0016871147829232958
J50lz,follower,1,0.001145475372279496,0.0016871147829232958
D2Mb0,follower,2,0.002290950744558992,0.00323988491752806
eGyjx,follower,1,0.001145475372279496,0.0016871147829232958
07Yg2,follower,3,0.003436426116838488,0.0035378899824487463
apbvA,follower,1,0.001145475372279496,0.0016871147829232958
8zO13,follower,2,0.002290950744558992,0.002766542216646511
wGxrj,follower,2,0.002290950744558992,0.003548955036630567
g4rol,follower,2,0.002290950744558992,0.00212296040265148
e4pN9,follower,1,0.001145475372279496,0.0016871147829232958
DNd1w,follower,1,0.001145475372279496,0.0016871147829232958
b9KYJ,follower,4,0.004581901489117984,0.00492896713298777
kK6PN,follower,1,0.001145475372279496,0.0016871147829232958
Y99y7Jq,follower,5,0.00572737686139748,0.005305257828445205
DOd1V,follower,2,0.002290950744558992,0.0003311330044224638
PgEw7,follower,3,0.003436426116838488,0.0005489926069706699
xd3M8N3,follower,1,0.001145475372279496,0.00020665483018923527
z8YXwk5,follower,4,0.004581901489117984,0.000836566650971195
X6BjxYO,follower,1,0.001145475372279496,0.00020665483018923527
VKA2qvy,follower,1,0.001145475372279496,0.00020665483018923527
LM5RG,follower,2,0.002290950744558992,0.0047909690965227125
P5OZm,follower,2,0.002290950744558992,0.004677990129163007
DvKEO,follower,6,0.006872852233676976,0.00970297470534521
OgYkQ,follower,1,0.001145475372279496,0.0018618402537072711
bpbJK,follower,1,0.001145475372279496,0.0018618402537072711
OWp9Z,follower,1,0.001145475372279496,0.0018618402537072711
D90oj,follower,1,0.001145475372279496,0.0018618402537072711
nQAE1,follower,10,0.01145475372279496,0.01716275747368643
lvxkA,follower,15,0.01718213058419244,0.02220390089274263
31Z0M,follower,7,0.008018327605956473,0.008935168919623643
bQG3M,follower,1,0.001145475372279496,0.0018618402537072711
LjGP1,follower,1,0.001145475372279496,0.0018618402537072711
j45o0,follower,2,0.002290950744558992,0.00370337139566444
Lx5a9,follower,1,0.001145475372279496,0.0018618402537072711
QbYww,follower,1,0.001145475372279496,0.0018618402537072711
nlO6e,follower,1,0.001145475372279496,0.0018618402537072711
XBzdR,follower,1,0.001145475372279496,0.0018618402537072711
nZEqe,follower,1,0.001145475372279496,0.0018618402537072711
g4ywW,follower,1,0.001145475372279496,0.0018618402537072711
X6pEp,follower,1,0.001145475372279496,0.0018618402537072711
zKPo5,follower,1,0.001145475372279496,0.0018618402537072711
Wxj8l,follower,3,0.003436426116838488,0.0051495175928380505
e4yr4,follower,1,0.001145475372279496,0.0018618402537072711
nQ9JW,follower,2,0.002290950744558992,0.00370337139566444
X6mGR,follower,1,0.001145475372279496,0.0018618402537072711
LW3N0,follower,1,0.001145475372279496,0.0018618402537072711
n1dNy,follower,4,0.004581901489117984,0.012502337637611898
dEKBy,follower,3,0.003436426116838488,0.006948193899288172
OW8aX,follower,1,0.001145475372279496,0.0015527701346047642
PbAK7,follower,13,0.014891179839633449,0.026332834528917506
e4Ybn,follower,1,0.001145475372279496,0.0015527701346047642
KKYKy,follower,12,0.013745704467353952,0.021139195098602872
7lv3v,follower,13,0.014891179839633449,0.022250199936383712
k22GV,follower,13,0.014891179839633449,0.020620683337698526
bVgmM,follower,15,0.01718213058419244,0.025255412116584164
WQRl9,follower,1,0.001145475372279496,0.0015527701346047642
j4qg4,follower,6,0.006872852233676976,0.009704414686164646
92Qrj,follower,5,0.00572737686139748,0.00827169439120613
jjNOo,follower,2,0.002290950744558992,0.0029736710576583844
lvZbQ,follower,4,0.004581901489117984,0.0064761251815467925
lzR4Q,follower,16,0.018327605956471937,0.023411220397027088
aA2jQ,follower,1,0.001145475372279496,0.0015527701346047642
79X8P,follower,3,0.003436426116838488,0.004708578262184399
jN16B,follower,4,0.004581901489117984,0.005790898319024919
mlmkj,follower,3,0.003436426116838488,0.005148233677544375
rky4Y,follower,2,0.002290950744558992,0.0032876773391307787
n1kxX,follower,3,0.003436426116838488,0.004854792167500049
YZd4k,follower,5,0.00572737686139748,0.00750249918658318
MV6xm,follower,2,0.002290950744558992,0.002844500123456065
5QYvM,follower,3,0.003436426116838488,0.0043587768649410545
lZ86Rql,follower,1,0.001145475372279496,0.0020988116015772133
KEwZw,follower,1,0.001145475372279496,0.0020988116015772133
R9A8g,follower,8,0.009163802978235968,0.01513106292931813
n3xRZ,follower,2,0.002290950744558992,0.004086988983980634
B0yxY,follower,3,0.003436426116838488,0.005800850813207943
OgB6z,follower,1,0.001145475372279496,0.0020988116015772133
x514X,follower,1,0.001145475372279496,0.0020988116015772133
9pYK90,follower,1,0.001145475372279496,0.0020988116015772133
D2X6K,follower,6,0.006872852233676976,0.009933392016977571
Q4BbG,follower,2,0.002290950744558992,0.00395936793999081
eb7yn,follower,1,0.001145475372279496,0.0020988116015772133
pzk2K,follower,1,0.001145475372279496,0.0020988116015772133
eJbde,follower,1,0.001145475372279496,0.0020988116015772133
ePZRL,follower,5,0.00572737686139748,0.013857903822923616
LKK4w,follower,3,0.003436426116838488,0.008396488182406708
nlz4K,follower,2,0.002290950744558992,0.005613988441850753
n0Owm,follower,2,0.002290950744558992,0.005613988441850753
RK0Kl4g,follower,1,0.001145475372279496,0.0033295010029310884
lzpN6,follower,5,0.00572737686139748,0.01120055993740198
v7O9O,follower,7,0.008018327605956473,0.010907427000074799
DNg5Z,follower,1,0.001145475372279496,0.0008607563571462538
NzQB0,follower,5,0.00572737686139748,0.008786869309469517
JEvgd,follower,1,0.001145475372279496,0.0008607563571462538
9RBKw,follower,1,0.001145475372279496,0.0008607563571462538
Dr1a8,follower,3,0.003436426116838488,0.004583840944075689
y2dyx,follower,6,0.006872852233676976,0.007728829259318177
YJAyy,follower,8,0.009163802978235968,0.010028340391880039
RY56g,follower,2,0.002290950744558992,0.0025956635616722684
79l3q,follower,4,0.004581901489117984,0.004955450426350482
WaYAv,follower,3,0.003436426116838488,0.0033639773370403954
ePQV7,follower,4,0.004581901489117984,0.004941596198350824
DXdZy,follower,1,0.001145475372279496,0.0008607563571462538
naZ7a,follower,1,0.001145475372279496,0.0008607563571462538
e4K7j,follower,1,0.001145475372279496,0.0008607563571462538
lzxgK,follower,1,0.001145475372279496,0.0008607563571462538
ogy5R,follower,2,0.002290950744558992,0.0018507751995254504
y8PZP,follower,3,0.003436426116838488,0.003442248288835537
KKqEl,follower,1,0.001145475372279496,0.0008607563571462538
AA9Q7,follower,1,0.001145475372279496,0.0008607563571462538
r4y2N,follower,1,0.001145475372279496,0.0008607563571462538
nd67m,follower,1,0.001145475372279496,0.0008607563571462538
ndG30,follower,1,0.001145475372279496,0.0008607563571462538
LW2Aj,follower,1,0.001145475372279496,0.0008607563571462538
2zG7Z,follower,1,0.001145475372279496,0.0008607563571462538
Ma27o,follower,1,0.001145475372279496,0.0008607563571462538
OWX24,follower,1,0.001145475372279496,0.0008607563571462538
D9pZ2,follower,1,0.001145475372279496,0.0008607563571462538
ngRP2,follower,1,0.001145475372279496,0.0008607563571462538
DvVyV,follower,2,0.002290950744558992,0.000992824329278473
d0bgP,follower,1,0.001145475372279496,0.0008607563571462538
NkK7G27,follower,2,0.002290950744558992,0.0010514291093338022
912Vab2,follower,1,0.001145475372279496,0.0008607563571462538
95PaA,follower,1,0.001145475372279496,0.0008607563571462538
qZRPY3Y,follower,1,0.001145475372279496,0.0018605563384135962
ELKzn,follower,7,0.008018327605956473,0.01080357097036682
074GV,follower,3,0.003436426116838488,0.006194859138148387
pnagD,follower,2,0.002290950744558992,0.0038487337208170163
0MMZ6,follower,8,0.009163802978235968,0.012052924063167497
nV4bD,follower,4,0.004581901489117984,0.005799993346348028
lzJ9l,follower,3,0.003436426116838488,0.0038497706129881314
ezEXw,follower,2,0.002290950744558992,0.0034520294277236825
GYZMm,follower,1,0.001145475372279496,0.0018605563384135962
Q4M93,follower,1,0.001145475372279496,0.0003733656744165119
854x3Zl,follower,1,0.001145475372279496,0.0003733656744165119
lavBzEK,follower,5,0.00572737686139748,0.0019165579127491924
aGJ5Aa,follower,1,0.001145475372279496,0.0003733656744165119
WxwRNQo,follower,1,0.001145475372279496,0.0003733656744165119
7ladp7A,follower,4,0.004581901489117984,0.0016062038816537425
v74VqYm,follower,1,0.001145475372279496,0.0003733656744165119
07Xzdd5,follower,2,0.002290950744558992,0.0006446277921505998
ml1q8Q5,follower,1,0.001145475372279496,0.0003733656744165119
jvzbVl4,follower,1,0.001145475372279496,0.0003733656744165119
QNqNWOV,follower,1,0.001145475372279496,0.0003733656744165119
7PPPXvj,follower,1,0.001145475372279496,0.0003733656744165119
BVvolx,follower,1,0.001145475372279496,0.0003733656744165119
3ayQxB,follower,2,0.002290950744558992,0.0006446277921505998
3J0Ol5Z,follower,1,0.001145475372279496,0.0003733656744165119
D7Mgn,follower,2,0.002290950744558992,0.005223583772141102
DBaRj,follower,2,0.002290950744558992,0.005223583772141102
Nzazp,follower,1,0.001145475372279496,0.002782499740555956
D9Rlw,follower,1,0.001145475372279496,0.002782499740555956
3BP7M,follower,2,0.002290950744558992,0.004203400663609576
nlZNZ,follower,3,0.003436426116838488,0.009348267013677483
GEErv,follower,1,0.001145475372279496,0.00012447817423322856
E7N8r,follower,1,0.001145475372279496,0.00234612541733137
D9Mga,follower,1,0.001145475372279496,0.00234612541733137
vYGKJg8,follower,1,0.001145475372279496,0.00234612541733137
LRwKj,follower,1,0.001145475372279496,0.00234612541733137
lZOdO,follower,3,0.003436426116838488,0.0049207643724106555
MWpwWPo,follower,1,0.001145475372279496,0.0016890556316749307
1AjYRd5,follower,2,0.002290950744558992,0.0026790744740541267
p08XX,follower,1,0.001145475372279496,0.0016890556316749307
1EGYY,follower,7,0.008018327605956473,0.010500587454754766
MwVOQ,follower,1,0.001145475372279496,0.0016890556316749307
Vvrxb,follower,3,0.003436426116838488,0.004120540168535815
g6rENXZ,follower,1,0.001145475372279496,0.0016890556316749307
7OEg9,follower,2,0.002290950744558992,0.003130521326156619
dE0R2,follower,5,0.00572737686139748,0.0066031963770018885
ePgRD,follower,3,0.003436426116838488,0.004422251315007919
eYZmn,follower,2,0.002290950744558992,0.0032805287209850174
0dBGM,follower,1,0.001145475372279496,0.0016890556316749307
DXl7J,follower,1,0.001145475372279496,0.0016890556316749307
ml312,follower,1,0.001145475372279496,0.0016890556316749307
2lp1Z,follower,5,0.00572737686139748,0.011500184275026594
eAAV7,follower,1,0.001145475372279496,0.0010794274337232153
KEovd2w,follower,1,0.001145475372279496,0.0010794274337232153
Q4p0G,follower,2,0.002290950744558992,0.0012838130495972688
D99PG,follower,1,0.001145475372279496,0.0010794274337232153
GY2mGoG,follower,1,0.001145475372279496,0.0010794274337232153
92gjbwA,follower,7,0.008018327605956473,0.004872008796491808
RKEgOOR,follower,1,0.001145475372279496,0.0010794274337232153
qZVm3ba,follower,1,0.001145475372279496,0.0010794274337232153
VK1Kg8W,follower,1,0.001145475372279496,0.0010794274337232153
2z8amPp,follower,1,0.001145475372279496,0.0010794274337232153
x5l02,follower,1,0.001145475372279496,0.0028161498754557365
k46dB,follower,2,0.002290950744558992,0.005032733472904239
6YGQ8vQ,follower,1,0.001145475372279496,0.0002043856158740534
Np88gN,follower,2,0.002290950744558992,0.0007888074303699787
dpZPXjm,follower,2,0.002290950744558992,0.00040187632879527265
la5bZ,follower,1,0.001145475372279496,0.0008397317505532706
Vv7ZB,follower,2,0.002290950744558992,0.0021314617394045713
D7J9P,follower,1,0.001145475372279496,0.0008397317505532706
vZa7O,follower,1,0.001145475372279496,0.0008397317505532706
3O2r8,follower,1,0.001145475372279496,0.0008397317505532706
1j6B3,follower,3,0.003436426116838488,0.0031542969322608306
W8dgK,follower,2,0.002290950744558992,0.00235400849203826
W0Ogl,follower,1,0.001145475372279496,0.0008397317505532706
W0YPK,follower,1,0.001145475372279496,0.0008397317505532706
7OZyq,follower,1,0.001145475372279496,0.0008397317505532706
ZOzxQ,follower,1,0.001145475372279496,0.0008397317505532706
rq8A2Y,follower,1,0.001145475372279496,0.0008397317505532706
n6aEQ,follower,1,0.001145475372279496,0.0033732136157655647
aNyzA,follower,1,0.001145475372279496,0.0033732136157655647
v7q3m,follower,1,0.001145475372279496,0.0029036644199350054
eJmB7,follower,3,0.003436426116838488,0.004268357725240152
OgrZQ,follower,3,0.003436426116838488,0.004268357725240152
k4r1p,follower,3,0.003436426116838488,0.004648068134309388
k4mo3,follower,3,0.003436426116838488,0.004268357725240152
n1mNQ,follower,2,0.002290950744558992,0.00205177412779165
8279v,follower,4,0.004581901489117984,0.0038435335418191933
DyraP,follower,1,0.001145475372279496,0.0009900188423791964
lZ95b,follower,1,0.001145475372279496,0.0009900188423791964
GE3mm,follower,1,0.001145475372279496,0.0009900188423791964
Pbyo0,follower,1,0.001145475372279496,0.0009900188423791964
d01JK,follower,2,0.002290950744558992,0.0023459326366785556
G0Z7a,follower,1,0.001145475372279496,0.0009900188423791964
W6Yq9,follower,1,0.001145475372279496,0.0009900188423791964
zZGJx,follower,1,0.001145475372279496,0.0009900188423791964
qE9Vo,follower,1,0.001145475372279496,0.0009900188423791964
Dv5yO,follower,1,0.001145475372279496,0.0009900188423791964
5QB3Y,follower,1,0.001145475372279496,0.0009900188423791964
jvXNa,follower,1,0.001145475372279496,0.0009900188423791964
NoQKQ,follower,2,0.002290950744558992,0.0014649563754687424
Zqa2jE,follower,4,0.004581901489117984,0.004124565133593409
6BBdM,follower,1,0.001145475372279496,0.0009900188423791964
VXXzb,follower,1,0.001145475372279496,0.0010617552854124532
3AOQE,follower,3,0.003436426116838488,0.005835581910470817
lzAkA,follower,2,0.002290950744558992,0.0032783388828609566
V4O3B,follower,3,0.003436426116838488,0.003441307595874274
Nk1j4,follower,4,0.004581901489117984,0.005282838737831443
KbZEz,follower,1,0.001145475372279496,0.0010617552854124532
7OkXr,follower,1,0.001145475372279496,0.0010617552854124532
Kbw1Y,follower,1,0.001145475372279496,0.0010617552854124532
k4vGgRK,follower,1,0.001145475372279496,0.0002052382358074772
9byB2lo,follower,2,0.002290950744558992,0.0008597900618335011
XyO67,follower,2,0.002290950744558992,0.0017217720091151105
Qx3kR,follower,2,0.002290950744558992,0.0015634817230767229
kvP229P,follower,1,0.001145475372279496,0.00013029891980502405
vZvYkZV,follower,1,0.001145475372279496,0.00013029891980502405
8qZNp,follower,1,0.001145475372279496,0.00013029891980502405
B0NoY,follower,2,0.002290950744558992,0.005660853605837132
d0qQK,follower,1,0.001145475372279496,0.001433182803271699
lZJJO,follower,1,0.001145475372279496,0.001433182803271699
ezXMz,follower,1,0.001145475372279496,0.001433182803271699
KEap9,follower,1,0.001145475372279496,0.001433182803271699
vYABR,follower,1,0.001145475372279496,0.001433182803271699
mgwV5,follower,1,0.001145475372279496,0.001433182803271699
vJRbY,follower,1,0.001145475372279496,0.001433182803271699
1jZpd,follower,1,0.001145475372279496,0.001433182803271699
NPB8Y,follower,7,0.008018327605956473,0.0077914536012124455
X6VKZ,follower,1,0.001145475372279496,0.001433182803271699
RYZgK,follower,1,0.001145475372279496,0.001433182803271699
JEwod,follower,1,0.001145475372279496,0.001433182803271699
KbRVO,follower,1,0.001145475372279496,0.001433182803271699
o6vw7,follower,1,0.001145475372279496,0.001433182803271699
07Ydj,follower,1,0.001145475372279496,0.001433182803271699
2MGEG,follower,1,0.001145475372279496,0.001433182803271699
JgZ6Ed,follower,1,0.001145475372279496,0.001433182803271699
laO20Wb,follower,1,0.001145475372279496,0.001433182803271699
KV0gMry,follower,1,0.001145475372279496,0.001433182803271699
NYKyY7,follower,1,0.001145475372279496,0.001433182803271699
dxXJby,follower,1,0.001145475372279496,0.001433182803271699
Zm3XV7,follower,1,0.001145475372279496,0.001433182803271699
ebP7K,follower,2,0.002290950744558992,0.006609589888961225
a7BPr,follower,1,0.001145475372279496,0.0014414656944816884
ngv3W,follower,1,0.001145475372279496,0.0014414656944816884
5QVj7,follower,3,0.003436426116838488,0.003756030876189248
nQ2dG,follower,3,0.003436426116838488,0.003756030876189248
J5NXz,follower,3,0.003436426116838488,0.004247472424817978
DNKaw,follower,1,0.001145475372279496,0.0029291288428154416
gmxyxjZ,follower,1,0.001145475372279496,0.0001994352189684206
Y9pWGop,follower,1,0.001145475372279496,0.0001994352189684206
LjNWo,follower,1,0.001145475372279496,0.0004749375330895459
nQvB9,follower,1,0.001145475372279496,0.0004749375330895459
v7pdK,follower,1,0.001145475372279496,0.0004749375330895459
eP9d1,follower,1,0.001145475372279496,0.0004749375330895459
6E1Mm,follower,1,0.001145475372279496,0.0004749375330895459
X6VVJ,follower,1,0.001145475372279496,0.0004749375330895459
OJBqv,follower,1,0.001145475372279496,0.0004749375330895459
797K8RW,follower,1,0.001145475372279496,0.0004749375330895459
rGd4Z,follower,1,0.001145475372279496,0.0004749375330895459
gYadR59,follower,2,0.002290950744558992,0.0011416312007935683
oGv4gJa,follower,1,0.001145475372279496,0.0004749375330895459
E7YNRNM,follower,1,0.001145475372279496,0.0004749375330895459
0Xlv4,follower,1,0.001145475372279496,0.0004749375330895459
vZg6r0O,follower,1,0.001145475372279496,0.0004749375330895459
PV4Q3m,follower,1,0.001145475372279496,0.0004749375330895459
rPj4BN,follower,1,0.001145475372279496,0.0004749375330895459
9VGQoA,follower,1,0.001145475372279496,0.0004749375330895459
Og9Kolg,follower,1,0.001145475372279496,0.0004749375330895459
Og4GREX,follower,1,0.001145475372279496,0.0004749375330895459
VvR7rG6,follower,1,0.001145475372279496,0.0004749375330895459
laoAq6G,follower,1,0.001145475372279496,0.0004749375330895459
oYO1jZ7,follower,2,0.002290950744558992,0.000612889693996927
JGpPd4p,follower,1,0.001145475372279496,0.0004749375330895459
noxKR,follower,1,0.001145475372279496,0.0018415311419571693
LWkEo,follower,1,0.001145475372279496,0.0018415311419571693
emgvA,follower,1,0.001145475372279496,0.0018415311419571693
P581k,follower,1,0.001145475372279496,0.0018415311419571693
ZZpr4,follower,1,0.001145475372279496,0.0018415311419571693
ePlMm,follower,1,0.001145475372279496,0.0018415311419571693
KEWBw,follower,2,0.002290950744558992,0.0032624320650107893
eYgWr,follower,1,0.001145475372279496,0.0018415311419571693
nk0kP,follower,1,0.001145475372279496,0.0018415311419571693
G09xa,follower,1,0.001145475372279496,0.0018415311419571693
DBrdJ,follower,1,0.001145475372279496,0.0018415311419571693
eG08v,follower,1,0.001145475372279496,0.0018415311419571693
eYNqv,follower,1,0.001145475372279496,0.0018415311419571693
L5Jx1,follower,1,0.001145475372279496,0.0018415311419571693
emoEQ,follower,1,0.001145475372279496,0.0018415311419571693
eGakv,follower,5,0.00572737686139748,0.006823432776099472
4jPPj,follower,1,0.001145475372279496,0.0018415311419571693
ebRPX,follower,1,0.001145475372279496,0.0018415311419571693
E2Wbr,follower,1,0.001145475372279496,0.0018415311419571693
D7Okj,follower,1,0.001145475372279496,0.0018415311419571693
kKQEw,follower,1,0.001145475372279496,0.0018415311419571693
Vv3MW,follower,1,0.001145475372279496,0.0022165835974485033
3AEYR9J,follower,1,0.001145475372279496,0.00019749071292121925
lzl4w,follower,3,0.003436426116838488,0.0025858272994416474
LMx6Q,follower,1,0.001145475372279496,0.0002712621177340879
aN8yr,follower,2,0.002290950744558992,0.0012299135051422885
J5ayAao,follower,1,0.001145475372279496,0.0002712621177340879
xPkZx,follower,1,0.001145475372279496,0.0002712621177340879
KEy2932,follower,1,0.001145475372279496,0.0002712621177340879
m6EJQ,follower,1,0.001145475372279496,0.0002712621177340879
z8yPq27,follower,1,0.001145475372279496,0.0002712621177340879
y8EAk1x,follower,1,0.001145475372279496,0.0002712621177340879
ogz92Ad,follower,1,0.001145475372279496,0.0002712621177340879
y2VdvO4,follower,1,0.001145475372279496,0.0002712621177340879
lKpOAN,follower,1,0.001145475372279496,0.0002712621177340879
79P7Jk9,follower,1,0.001145475372279496,0.0002712621177340879
JEo3Oz2,follower,1,0.001145475372279496,0.0002712621177340879
jZ3l8N1,follower,1,0.001145475372279496,0.0002712621177340879
naQ5a,follower,1,0.001145475372279496,0.0005929072176662629
y28yE,follower,1,0.001145475372279496,0.0005929072176662629
zK39Q2p,follower,1,0.001145475372279496,0.0005929072176662629
Ng0z8x,follower,1,0.001145475372279496,0.0005929072176662629
2d0m9my,follower,2,0.002290950744558992,0.0012596008853702856
3JyYEKv,follower,1,0.001145475372279496,0.0005929072176662629
37jwKZ,follower,1,0.001145475372279496,0.0005929072176662629
JE1qjoo,follower,1,0.001145475372279496,0.0005929072176662629
17B59XY,follower,1,0.001145475372279496,0.0005929072176662629
EvW07,follower,1,0.001145475372279496,0.0005929072176662629
5powGJ,follower,1,0.001145475372279496,0.0005929072176662629
YZz2QjW,follower,1,0.001145475372279496,0.0005929072176662629
87ZXk73,follower,1,0.001145475372279496,0.0005929072176662629
zZX5pzO,follower,1,0.001145475372279496,0.0005929072176662629
kZ9rgRV,follower,1,0.001145475372279496,0.0005929072176662629
wyjdxK,follower,1,0.001145475372279496,0.0017349072045260148
x5Zz3,follower,1,0.001145475372279496,0.0017349072045260148
G0v4x,follower,2,0.002290950744558992,0.0032491839460110036
rGjK8,follower,1,0.001145475372279496,0.0006666936677040225
e4yMZ,follower,1,0.001145475372279496,0.0006666936677040225
vYYppJV,follower,1,0.001145475372279496,0.0006666936677040225
85P5NJv,follower,1,0.001145475372279496,0.0006666936677040225
AM9oGQg,follower,1,0.001145475372279496,0.0006666936677040225
1YqjR7Y,follower,1,0.001145475372279496,0.0006666936677040225
bp99Vvy,follower,1,0.001145475372279496,0.0006666936677040225
9b77XJO,follower,1,0.001145475372279496,0.0006666936677040225
GV5l1r7,follower,1,0.001145475372279496,0.0006666936677040225
Y1B1MK,follower,1,0.001145475372279496,0.0006666936677040225
1aK45E,follower,1,0.001145475372279496,0.0006666936677040225
PkABg4N,follower,1,0.001145475372279496,0.0006666936677040225
aAkEalw,follower,1,0.001145475372279496,0.0006666936677040225
jNzGYEa,follower,1,0.001145475372279496,0.0006666936677040225
PWdAKBp,follower,1,0.001145475372279496,0.0006666936677040225
7loM5OW,follower,1,0.001145475372279496,0.0006666936677040225
NlGox5Q,follower,1,0.001145475372279496,0.0006666936677040225
aN9y4NE,follower,1,0.001145475372279496,0.0006666936677040225
JEwdpwY,follower,1,0.001145475372279496,0.0006666936677040225
kvovdWB,follower,1,0.001145475372279496,0.0006666936677040225
OJq2PXl,follower,1,0.001145475372279496,0.0006666936677040225
5KzMA76,follower,1,0.001145475372279496,0.0006666936677040225
5K74j86,follower,1,0.001145475372279496,0.0006666936677040225
YzXKMy,follower,1,0.001145475372279496,0.0006666936677040225
Mayq7NG,follower,1,0.001145475372279496,0.0006666936677040225
2o74EE2,follower,1,0.001145475372279496,0.0006666936677040225
bpXvk0Q,follower,1,0.001145475372279496,0.0006666936677040225
PW2o5qk,follower,1,0.001145475372279496,0.0006666936677040225
vZVlj1R,follower,1,0.001145475372279496,0.0006666936677040225
Nkm0mmQ,follower,1,0.001145475372279496,0.0006666936677040225
EqdEbz8,follower,1,0.001145475372279496,0.0006666936677040225
QRNj81,follower,1,0.001145475372279496,0.0006666936677040225
GW3QVb,follower,1,0.001145475372279496,0.0006666936677040225
l86BMO,follower,1,0.001145475372279496,0.0006666936677040225
G0JWE6G,follower,1,0.001145475372279496,0.0006666936677040225
LWVvn,follower,1,0.001145475372279496,0.0029312549304944683
nkpjL,follower,1,0.001145475372279496,0.0029312549304944683
DNRYD,follower,1,0.001145475372279496,0.0029312549304944683
LR0Re,follower,1,0.001145475372279496,0.0029312549304944683
eGNxD,follower,1,0.001145475372279496,0.0029312549304944683
eJgzn,follower,2,0.002290950744558992,0.004352155853548089
noOR2,follower,1,0.001145475372279496,0.0029312549304944683
PdzOp,follower,1,0.001145475372279496,0.0006545518260260239
NzkAN,follower,1,0.001145475372279496,0.0006545518260260239
mlXw5g5,follower,1,0.001145475372279496,0.0006545518260260239
2zZxwaK,follower,1,0.001145475372279496,0.0006545518260260239
PgN0J,follower,1,0.001145475372279496,0.0006545518260260239
oQY7a,follower,1,0.001145475372279496,0.0006545518260260239
JGJm5rp,follower,1,0.001145475372279496,0.0006545518260260239
Z755g,follower,1,0.001145475372279496,0.0006545518260260239
aNMPPjj,follower,1,0.001145475372279496,0.0006545518260260239
oE1Wx85,follower,1,0.001145475372279496,0.0006545518260260239
lzb1BrN,follower,1,0.001145475372279496,0.0006545518260260239
g483ymW,follower,1,0.001145475372279496,0.0006545518260260239
YZOABOp,follower,1,0.001145475372279496,0.0006545518260260239
jbOaOo4,follower,1,0.001145475372279496,0.0006545518260260239
d9MxK,follower,1,0.001145475372279496,0.0005844218144959252
1xaZX,follower,4,0.004581901489117984,0.004490460085513572
KK66l,follower,3,0.003436426116838488,0.0035318086981053712
44PQr,follower,1,0.001145475372279496,0.0005844218144959252
aWvp71,follower,1,0.001145475372279496,0.0005844218144959252
z8MQZ,follower,1,0.001145475372279496,0.0005844218144959252
mgVVr,follower,1,0.001145475372279496,0.0005844218144959252
wPxlBMj,follower,1,0.001145475372279496,0.0005844218144959252
Jb812,follower,1,0.001145475372279496,0.0005844218144959252
KbJqoYO,follower,1,0.001145475372279496,0.0005844218144959252
Wa912k6,follower,1,0.001145475372279496,0.0005844218144959252
xkErGJw,follower,1,0.001145475372279496,0.0005844218144959252
p70d5,follower,1,0.001145475372279496,0.0005844218144959252
n04g5,follower,1,0.001145475372279496,0.0005844218144959252
JZjvO40,follower,1,0.001145475372279496,0.0005844218144959252
NzMx6x,follower,1,0.001145475372279496,0.0005844218144959252
NozNQ,follower,1,0.001145475372279496,0.0005844218144959252
KKPzB69,follower,1,0.001145475372279496,0.0005844218144959252
w2Yl1,follower,1,0.001145475372279496,0.0005844218144959252
jvqxx2G,follower,1,0.001145475372279496,0.0005844218144959252
4AyEOWb,follower,1,0.001145475372279496,0.0005844218144959252
YYGR7Mv,follower,1,0.001145475372279496,0.0005844218144959252
Y4XdkJ,follower,1,0.001145475372279496,0.0005844218144959252
GdlYlG,follower,1,0.001145475372279496,0.0005844218144959252
g4OQdGk,follower,1,0.001145475372279496,0.0005844218144959252
oYGz6pg,follower,1,0.001145475372279496,0.0005844218144959252
AzA7W7,follower,1,0.001145475372279496,0.0005844218144959252
AxQQ5ow,follower,1,0.001145475372279496,0.0005844218144959252
aAm5jJw,follower,1,0.001145475372279496,0.0005844218144959252
Ma6kZpm,follower,1,0.001145475372279496,0.0005844218144959252
pzA5Vv0,follower,1,0.001145475372279496,0.0005844218144959252
oGN8qW7,follower,1,0.001145475372279496,0.0005844218144959252
d0qVk7M,follower,1,0.001145475372279496,0.0005844218144959252
pZ3511B,follower,1,0.001145475372279496,0.0005844218144959252
jN8aVR4,follower,1,0.001145475372279496,0.0005844218144959252
WxQZQAK,follower,1,0.001145475372279496,0.0005844218144959252
5jBQB3M,follower,1,0.001145475372279496,0.0005844218144959252
q5J56AM,follower,1,0.001145475372279496,0.0005844218144959252
b9w8J,follower,1,0.001145475372279496,0.002441084031585146
D9KOn,follower,1,0.001145475372279496,0.002441084031585146
nlGNe,follower,1,0.001145475372279496,0.002441084031585146
p1Rd0,follower,1,0.001145475372279496,0.002441084031585146
LMVGV,follower,1,0.001145475372279496,0.002441084031585146
6EVk9g3,follower,1,0.001145475372279496,0.002441084031585146
E2ja4,follower,1,0.001145475372279496,0.0033920602183499164
Y2j77,follower,1,0.001145475372279496,0.0012917299888513007
n1EKy,follower,2,0.002290950744558992,0.003279907371254721
OgWG1,follower,2,0.002290950744558992,0.00280600673033629
eY98v,follower,2,0.002290950744558992,0.00280600673033629
ZZEqa,follower,2,0.002290950744558992,0.00264764378315066
A71Kk,follower,1,0.001145475372279496,0.0012917299888513007
kKMK1,follower,5,0.00572737686139748,0.006712045001353937
LMJWG,follower,1,0.001145475372279496,0.0013559137942993592
DORXR,follower,1,0.001145475372279496,0.0013559137942993592
gY9Ak,follower,3,0.003436426116838488,0.003828841923192549
ax4kmj,follower,2,0.002290950744558992,0.002947386883609446
wPdNZ,follower,1,0.001145475372279496,0.0013559137942993592
BJaym,follower,1,0.001145475372279496,0.0013559137942993592
Qb0R1,follower,3,0.003436426116838488,0.0033832325033376297
r49YY,follower,1,0.001145475372279496,0.00142090092305362
X6zr1lZ,follower,1,0.001145475372279496,0.00142090092305362
JZ8ko,follower,1,0.001145475372279496,0.00142090092305362
emlW5,follower,1,0.001145475372279496,0.00142090092305362
p9r3B,follower,1,0.001145475372279496,0.00142090092305362
d9VY2,follower,1,0.001145475372279496,0.00142090092305362
n3vY0,follower,1,0.001145475372279496,0.00142090092305362
eJ9qp,follower,1,0.001145475372279496,0.00142090092305362
aAb1E,follower,1,0.001145475372279496,0.00142090092305362
Akv3k,follower,1,0.001145475372279496,0.00198817738240342
J5Qy7,follower,1,0.001145475372279496,0.00198817738240342
awRka,follower,1,0.001145475372279496,0.001514276741484989
OPPvz,follower,1,0.001145475372279496,0.001514276741484989
aN4Wa,follower,1,0.001145475372279496,0.001514276741484989
WaBjZ,follower,1,0.001145475372279496,0.001514276741484989
p7O4m,follower,1,0.001145475372279496,0.001514276741484989
796Ar,follower,1,0.001145475372279496,0.001514276741484989
XBmlq,follower,1,0.001145475372279496,0.001514276741484989
q7wwE,follower,1,0.001145475372279496,0.001514276741484989
79JQj,follower,1,0.001145475372279496,0.001514276741484989
XBP0a,follower,1,0.001145475372279496,0.0009586513874082005
7KVbP,follower,2,0.002290950744558992,0.0025501244767182868
o6ppa,follower,1,0.001145475372279496,0.0009586513874082005
PQv7N,follower,1,0.001145475372279496,0.0009586513874082005
GExEE,follower,1,0.001145475372279496,0.0009586513874082005
OJGWX,follower,1,0.001145475372279496,0.0009586513874082005
aNzoj,follower,1,0.001145475372279496,0.0009586513874082005
AxAm78w,follower,1,0.001145475372279496,0.0009586513874082005
BRzq1,follower,1,0.001145475372279496,0.0009586513874082005
nQV64,follower,1,0.001145475372279496,0.0009586513874082005
r7148,follower,1,0.001145475372279496,0.0009586513874082005
MWvm9,follower,1,0.001145475372279496,0.0009586513874082005
5Bvd7,follower,1,0.001145475372279496,0.0009586513874082005
q7PaP6z,follower,1,0.001145475372279496,0.0009586513874082005
1PqKz,follower,1,0.001145475372279496,0.0009586513874082005
QNZYB,follower,1,0.001145475372279496,0.00019067275218754838
NkEZZ,follower,1,0.001145475372279496,0.00019067275218754838
5K9pr96,follower,1,0.001145475372279496,0.00019067275218754838
6wGvW9,follower,1,0.001145475372279496,0.00019067275218754838
Zq0K84,follower,1,0.001145475372279496,0.00019067275218754838
KzB5VZy,follower,1,0.001145475372279496,0.00019067275218754838
yWBNlY,follower,1,0.001145475372279496,0.00019067275218754838
YqXVg7,follower,1,0.001145475372279496,0.00019067275218754838
aREXZE,follower,1,0.001145475372279496,0.00019067275218754838
6N347g9,follower,1,0.001145475372279496,0.00019067275218754838
V4rMY1a,follower,1,0.001145475372279496,0.00019067275218754838
BJZqdOQ,follower,1,0.001145475372279496,0.00019067275218754838
QbA07wV,follower,1,0.001145475372279496,0.00019067275218754838
2dJo283,follower,1,0.001145475372279496,0.00019067275218754838
kZjAqXK,follower,1,0.001145475372279496,0.00019067275218754838
D9Rw2,follower,1,0.001145475372279496,0.003321240726906888
Vg4N6E6,follower,1,0.001145475372279496,0.00013206797213221916
n1Aa5,follower,1,0.001145475372279496,0.00013206797213221916
WQMaB,follower,1,0.001145475372279496,0.00013206797213221916
labMA,follower,1,0.001145475372279496,0.00013206797213221916
1jOmd,follower,1,0.001145475372279496,0.00013206797213221916
E7qPdGr,follower,1,0.001145475372279496,0.00013206797213221916
4vjERb,follower,1,0.001145475372279496,0.00013206797213221916
EJ8mRR,follower,1,0.001145475372279496,0.00013206797213221916
641QWxm,follower,1,0.001145475372279496,0.00013206797213221916
mlrKkZy,follower,1,0.001145475372279496,0.00013206797213221916
MVao2KQ,follower,1,0.001145475372279496,0.00013206797213221916
PQbvBbm,follower,1,0.001145475372279496,0.00013206797213221916
5B9vmaX,follower,1,0.001145475372279496,0.00013206797213221916
92gxyB2,follower,1,0.001145475372279496,0.00013206797213221916
E7P44pR,follower,1,0.001145475372279496,0.00013206797213221916
6NVrdBM,follower,1,0.001145475372279496,0.00013206797213221916
mv7ZYlw,follower,1,0.001145475372279496,0.00013206797213221916
7YPWAqv,follower,1,0.001145475372279496,0.00013206797213221916
6E34ZN3,follower,1,0.001145475372279496,0.00013206797213221916
oWY01KJ,follower,1,0.001145475372279496,0.00013206797213221916
RYamQ,follower,1,0.001145475372279496,0.00043584561972818405
LW2lB,follower,2,0.002290950744558992,0.0020273187090382705
kKopzMN,follower,1,0.001145475372279496,0.00043584561972818405
b7A8K,follower,1,0.001145475372279496,0.00043584561972818405
AM10pa3,follower,1,0.001145475372279496,0.00043584561972818405
VgGlzqa,follower,1,0.001145475372279496,0.00043584561972818405
9RkgA,follower,1,0.001145475372279496,0.0001379521609073812
OJwWkRX,follower,1,0.001145475372279496,0.0001379521609073812
qymMm,follower,1,0.001145475372279496,0.0001379521609073812
9m3KqM,follower,1,0.001145475372279496,0.0001379521609073812
2ooEp,follower,1,0.001145475372279496,0.0015914730893100866
LRvaZ,follower,1,0.001145475372279496,0.0015914730893100866
lzwKA,follower,1,0.001145475372279496,0.0015914730893100866
DXGvZ,follower,1,0.001145475372279496,0.0015914730893100866
L5WM1,follower,1,0.001145475372279496,0.0015914730893100866
51GXV,follower,1,0.001145475372279496,0.0015914730893100866
JE940,follower,1,0.001145475372279496,0.0015914730893100866
NzzV7,follower,1,0.001145475372279496,0.0015914730893100866
LjBBV,follower,1,0.001145475372279496,0.0015914730893100866
0EaRJq5,follower,1,0.001145475372279496,0.0015914730893100866
y8457,follower,1,0.001145475372279496,0.0015914730893100866
